{"1_l20_1_n_8_d": [5, 18.764, 3.753000020980835, 17.754745483398438, 3.5509490966796875, 6.206714153289795], "1_l20_1_n_4_d": [5, 32.246, 6.448999881744385, 30.24354362487793, 6.048708915710449, 10.116820096969604], "1_l20_1_n_2_d": [5, 58.211999999999996, 11.642000198364258, 55.62853240966797, 11.125706672668457, 19.661507606506348], "1_l20_1_n_1_d": [5, 112.72999999999999, 22.54599952697754, 109.01187133789062, 21.8023738861084, 36.255014181137085], "1_h100_1_n_8_d": [5, 4.87, 0.9739999771118164, 4.815732955932617, 0.9631466269493103, 7.3800249099731445], "2_h100_2_n_8_d": [5, 5.3580000000000005, 1.0720000267028809, 5.309212684631348, 1.0618425607681274, 5.161280632019043], "1_h100_1_n_4_d": [5, 7.809, 1.562000036239624, 7.759520530700684, 1.5519040822982788, 11.980160474777222], "1_h100_1_n_2_d": [5, 13.378, 2.6760001182556152, 13.318009376525879, 2.663601875305176, 20.341954708099365], "1_h100_1_n_1_d": [5, 24.255, 4.85099983215332, 24.17955780029297, 4.835911750793457, 36.255014181137085]}