{"1_l20_1_n_8_d": [5, 109.373, 21.875, 104.21694946289062, 20.8433895111084, 18.671618700027466], "1_h100_1_n_8_d": [5, 30.189, 6.038000106811523, 29.756980895996094, 5.951396465301514, 28.35077476501465], "2_h100_2_n_8_d": [5, 27.585, 5.517000198364258, 27.502744674682617, 5.500548839569092, 23.656421422958374], "1_h100_1_n_4_d": [5, 47.178000000000004, 9.435999870300293, 47.10334396362305, 9.420668601989746, 43.31853747367859]}