{"1_l20_1_n_8_d": [5, 237.954, 47.590999603271484, 226.8917236328125, 45.37834548950195, 36.97017741203308], "1_h100_1_n_8_d": [5, 51.632, 10.326000213623047, 51.52538299560547, 10.305076599121094, 44.78759551048279], "2_h100_2_n_8_d": [5, 47.744, 9.548999786376953, 47.64440155029297, 9.52888011932373, 33.26648306846619]}