{"1_l20_1_n_8_d": [5, 34.004, 6.801000118255615, 32.03862762451172, 6.407725811004639, 9.99840235710144], "1_l20_1_n_4_d": [5, 67.727, 13.545000076293945, 65.50206756591797, 13.10041332244873, 15.57707691192627], "1_l20_1_n_2_d": [5, 133.191, 26.63800048828125, 129.99993896484375, 25.999988555908203, 28.022611141204834], "1_h100_1_n_8_d": [5, 12.039000000000001, 2.4079999923706055, 11.913776397705078, 2.3827552795410156, 18.253410816192627], "1_h100_1_n_4_d": [5, 19.679000000000002, 3.936000108718872, 19.571208953857422, 3.9142417907714844, 24.77953028678894], "1_h100_1_n_2_d": [5, 32.425000000000004, 6.485000133514404, 32.31665802001953, 6.463331699371338, 39.54314136505127], "1_h100_1_n_1_d": [5, 57.146, 11.428999900817871, 57.058509826660156, 11.411702156066895, 60.054685831069946]}