{"1_l20_1_n_8_d": [5, 19.389, 3.878000020980835, 18.063434600830078, 3.6126868724823, 6.041703462600708], "1_l20_1_n_4_d": [5, 33.706, 6.741000175476074, 32.02082824707031, 6.404165744781494, 11.170784950256348], "1_l20_1_n_2_d": [5, 67.432, 13.486000061035156, 65.45292663574219, 13.090585708618164, 17.925260066986084], "1_l20_1_n_1_d": [5, 131.583, 26.316999435424805, 127.63292694091797, 25.526586532592773, 36.29296326637268], "1_h100_1_n_8_d": [5, 6.112, 1.222000002861023, 6.054712772369385, 1.2109426259994507, 10.153305530548096], "1_h100_1_n_4_d": [5, 9.801, 1.9600000381469727, 9.739286422729492, 1.9478572607040405, 14.192448377609253], "1_h100_1_n_2_d": [5, 16.265, 3.253000020980835, 16.195831298828125, 3.239166259765625, 23.051045417785645], "1_h100_1_n_1_d": [5, 28.6, 5.71999979019165, 28.500221252441406, 5.70004415512085, 36.29296326637268]}