{"1_l20_1_n_8_d": [5, 122.87200000000001, 24.573999404907227, 116.50332641601562, 23.3006649017334, 32.93843913078308], "1_h100_1_n_8_d": [5, 26.052, 5.210000038146973, 25.973674774169922, 5.194735050201416, 29.399503469467163], "2_h100_2_n_8_d": [5, 23.832, 4.765999794006348, 23.762821197509766, 4.752564430236816, 20.134158849716187], "1_h100_1_n_4_d": [5, 41.090999999999994, 8.218000411987305, 41.019996643066406, 8.203999519348145, 49.40154981613159]}