{"1_l20_1_n_8_d": [5, 10.838999999999999, 2.1679999828338623, 10.218507766723633, 2.043701648712158, 4.673529148101807], "1_l20_1_n_4_d": [5, 19.014, 3.802999973297119, 17.898853302001953, 3.579770803451538, 7.270838975906372], "1_l20_1_n_2_d": [5, 33.431, 6.685999870300293, 31.97528076171875, 6.395056247711182, 13.519016742706299], "1_l20_1_n_1_d": [5, 66.18, 13.236000061035156, 64.05992126464844, 12.811984062194824, 24.129411697387695], "1_h100_1_n_8_d": [5, 3.3470000000000004, 0.6690000295639038, 3.293447971343994, 0.6586896181106567, 6.103138446807861], "1_h100_1_n_4_d": [5, 5.4830000000000005, 1.097000002861023, 5.426671028137207, 1.0853341817855835, 8.898220777511597], "1_h100_1_n_2_d": [5, 9.068, 1.8140000104904175, 9.005108833312988, 1.8010218143463135, 14.804539680480957], "1_h100_1_n_1_d": [5, 15.875, 3.174999952316284, 15.81682300567627, 3.1633646488189697, 24.129411697387695]}