{"1_l20_1_n_8_d": [5, 30.307000000000002, 6.060999870300293, 27.798748016357422, 5.559749603271484, 12.965781450271606], "1_l20_1_n_4_d": [5, 55.745, 11.14900016784668, 52.52606201171875, 10.505212783813477, 18.12758994102478], "1_h100_1_n_8_d": [5, 8.081999999999999, 1.6160000562667847, 7.9611616134643555, 1.592232346534729, 11.680484771728516], "2_h100_2_n_8_d": [5, 7.361000000000001, 1.472000002861023, 7.298926830291748, 1.4597853422164917, 7.965747594833374], "1_h100_1_n_4_d": [5, 12.714, 2.5429999828338623, 12.65173053741455, 2.530346155166626, 19.34610629081726]}