{"1_l20_1_n_8_d": [5, 66.433, 13.286999702453613, 62.45377731323242, 12.490756034851074, 21.935189247131348], "1_h100_1_n_8_d": [5, 13.465, 2.693000078201294, 13.402312278747559, 2.680462598800659, 21.704389333724976], "2_h100_2_n_8_d": [5, 13.095, 2.61899995803833, 13.03799819946289, 2.6075997352600098, 13.943057537078857]}