{"1_l20_1_n_8_d": [5, 56.871, 11.37399959564209, 53.00349426269531, 10.600699424743652, 14.225791215896606], "1_l20_1_n_4_d": [5, 108.322, 21.663999557495117, 103.83206176757812, 20.76641273498535, 22.57341742515564], "1_h100_1_n_8_d": [5, 15.115, 3.0230000019073486, 15.04378604888916, 3.0087573528289795, 17.006397247314453], "2_h100_2_n_8_d": [5, 13.125, 2.625, 13.050215721130371, 2.6100432872772217, 13.195972204208374], "1_h100_1_n_4_d": [5, 23.564, 4.7129998207092285, 23.489023208618164, 4.697804927825928, 27.337298154830933]}