{"1_l20_1_n_8_d": [5, 58.955999999999996, 11.791000366210938, 55.91242980957031, 11.182486534118652, 13.69690227508545], "1_l20_1_n_4_d": [5, 115.405, 23.08099937438965, 111.6484603881836, 22.329692840576172, 19.911988258361816], "1_l20_1_n_2_d": [5, 228.26899999999998, 45.65399932861328, 222.94338989257812, 44.588680267333984, 34.51959705352783], "1_h100_1_n_8_d": [5, 18.083, 3.617000102996826, 17.92778778076172, 3.585557699203491, 21.268986463546753], "2_h100_2_n_8_d": [5, 19.770999999999997, 3.9539999961853027, 19.64781951904297, 3.9295639991760254, 16.141528129577637], "1_h100_1_n_4_d": [5, 28.932999999999996, 5.7870001792907715, 28.839012145996094, 5.767802715301514, 30.8963406085968], "1_h100_1_n_2_d": [5, 49.661, 9.932000160217285, 49.552337646484375, 9.910468101501465, 48.857213497161865]}