{"1_l20_1_n_8_d": [5, 32.876, 6.574999809265137, 30.50942611694336, 6.1018853187561035, 8.085619688034058], "1_l20_1_n_4_d": [5, 58.49, 11.697999954223633, 55.64093017578125, 11.128186225891113, 15.683964729309082], "1_l20_1_n_2_d": [5, 114.98299999999999, 22.996999740600586, 111.61923217773438, 22.3238468170166, 23.889531135559082], "1_h100_1_n_8_d": [5, 9.222, 1.843999981880188, 9.159642219543457, 1.8319284915924072, 12.007786750793457], "2_h100_2_n_8_d": [5, 9.918, 1.9839999675750732, 9.630778312683105, 1.926155686378479, 8.82141399383545], "1_h100_1_n_4_d": [5, 14.808, 2.9619998931884766, 14.752394676208496, 2.950479030609131, 18.07879328727722], "1_h100_1_n_2_d": [5, 25.435000000000002, 5.086999893188477, 25.371444702148438, 5.074288845062256, 29.847447872161865], "1_h100_1_n_1_d": [5, 46.21000000000001, 9.241999626159668, 46.13270568847656, 9.226541519165039, 51.29240584373474]}