{"1_l20_1_n_8_d": [5, 21.753999999999998, 4.35099983215332, 21.347393035888672, 4.269478797912598, 7.324707984924316], "1_l20_1_n_4_d": [5, 40.331, 8.065999984741211, 40.01619338989258, 8.003238677978516, 12.08074951171875], "1_l20_1_n_2_d": [5, 72.392, 14.477999687194824, 71.87216186523438, 14.374432563781738, 18.858423233032227], "1_h100_1_n_8_d": [5, 6.904, 1.38100004196167, 6.836936950683594, 1.3673874139785767, 13.058204889297485], "1_h100_1_n_4_d": [5, 10.885, 2.177000045776367, 10.80120849609375, 2.1602418422698975, 16.747271299362183], "1_h100_1_n_2_d": [5, 17.875, 3.575000047683716, 17.809226989746094, 3.561845541000366, 23.429269313812256], "1_h100_1_n_1_d": [5, 32.499, 6.5, 32.38664627075195, 6.477329254150391, 37.21056652069092]}