{"1_l20_1_n_8_d": [5, 40.97500000000001, 8.194999694824219, 40.55085754394531, 8.1101713180542, 11.439454078674316], "1_l20_1_n_4_d": [5, 72.705, 14.541000366210938, 72.07524108886719, 14.415048599243164, 17.58091402053833], "1_h100_1_n_8_d": [5, 13.341999999999999, 2.6679999828338623, 13.250627517700195, 2.650125503540039, 24.69485878944397], "1_h100_1_n_4_d": [5, 21.146, 4.229000091552734, 21.022377014160156, 4.204475402832031, 30.821165800094604], "1_h100_1_n_2_d": [5, 34.731, 6.946000099182129, 34.62377166748047, 6.924754619598389, 41.721946239471436], "1_h100_1_n_1_d": [5, 63.247, 12.64900016784668, 63.12386703491211, 12.624773979187012, 64.19009304046631]}