{"1_l20_1_n_8_d": [5, 20.244, 4.048999786376953, 19.799724578857422, 3.9599449634552, 11.961787462234497], "1_l20_1_n_4_d": [5, 38.118, 7.624000072479248, 37.731834411621094, 7.546367168426514, 21.27158284187317], "1_h100_1_n_8_d": [5, 9.552, 1.909999966621399, 9.466034889221191, 1.8932069540023804, 23.100426197052002], "1_h100_1_n_4_d": [5, 11.381, 2.2760000228881836, 11.295197486877441, 2.2590396404266357, 28.36304783821106], "1_h100_1_n_2_d": [5, 19.075, 3.815000057220459, 18.972164154052734, 3.7944328784942627, 45.202327251434326]}