{"1_l20_1_n_8_d": [5, 95.89, 19.17799949645996, 95.36897277832031, 19.073795318603516, 22.327211141586304], "1_h100_1_n_8_d": [5, 27.499, 5.5, 27.408824920654297, 5.481765270233154, 58.96833252906799], "2_h100_2_n_8_d": [5, 25.426000000000002, 5.085000038146973, 25.30645751953125, 5.061291694641113, 53.85687279701233]}