{"1_l20_1_n_8_d": [5, 12.068999999999999, 2.4140000343322754, 11.144465446472168, 2.2288930416107178, 6.974474668502808], "1_l20_1_n_4_d": [5, 19.993, 3.999000072479248, 19.607528686523438, 3.9215056896209717, 12.292794466018677], "1_l20_1_n_2_d": [5, 37.817, 7.563000202178955, 37.49481964111328, 7.498963832855225, 21.93362307548523], "1_h100_1_n_8_d": [5, 4.995, 0.9990000128746033, 4.940250396728516, 0.988050103187561, 12.15734338760376], "1_h100_1_n_4_d": [5, 6.117, 1.2230000495910645, 6.064573287963867, 1.2129147052764893, 14.80628514289856], "1_h100_1_n_2_d": [5, 9.850000000000001, 1.9700000286102295, 9.787215232849121, 1.957443118095398, 23.916137218475342], "1_h100_1_n_1_d": [5, 17.019, 3.4040000438690186, 16.94594955444336, 3.3891899585723877, 42.62603521347046]}