{"1_l20_1_n_8_d": [5, 7.117999999999999, 1.4240000247955322, 6.776285171508789, 1.3552570343017578, 6.5248963832855225], "1_l20_1_n_4_d": [5, 11.676, 2.3350000381469727, 10.94521427154541, 2.189042806625366, 7.308061361312866], "1_l20_1_n_2_d": [5, 19.731, 3.946000099182129, 19.413928985595703, 3.8827857971191406, 12.954834699630737], "1_l20_1_n_1_d": [5, 36.604, 7.321000099182129, 35.532466888427734, 7.1064934730529785, 23.964057445526123], "1_h100_1_n_8_d": [5, 2.585, 0.5170000195503235, 2.5385472774505615, 0.5077094435691833, 6.685753345489502], "1_h100_1_n_4_d": [5, 3.103, 0.6209999918937683, 3.0601696968078613, 0.6120339632034302, 8.02790379524231], "1_h100_1_n_2_d": [5, 5.159, 1.031999945640564, 5.116042137145996, 1.023208498954773, 13.279721975326538], "1_h100_1_n_1_d": [5, 8.863, 1.7730000019073486, 8.806961059570312, 1.7613922357559204, 23.964057445526123]}