{"1_l20_1_n_8_d": [5, 56.891, 11.378000259399414, 56.2069206237793, 11.241384506225586, 16.626448154449463], "1_l20_1_n_4_d": [5, 100.579, 20.115999221801758, 99.51960754394531, 19.903921127319336, 27.263347148895264], "1_h100_1_n_8_d": [5, 17.73, 3.5460000038146973, 17.637977600097656, 3.5275955200195312, 36.67397904396057], "2_h100_2_n_8_d": [5, 19.289, 3.8580000400543213, 19.107345581054688, 3.8214690685272217, 33.36008858680725], "1_h100_1_n_4_d": [5, 26.480999999999998, 5.296000003814697, 26.366411209106445, 5.273282527923584, 43.18948245048523]}