{"1_l20_1_n_8_d": [5, 12.603, 2.5209999084472656, 11.847862243652344, 2.369572401046753, 5.356192588806152], "1_l20_1_n_4_d": [5, 21.128, 4.22599983215332, 20.818859100341797, 4.163772106170654, 7.96600341796875], "1_l20_1_n_2_d": [5, 38.56100000000001, 7.711999893188477, 37.507568359375, 7.501513957977295, 14.282493114471436], "1_l20_1_n_1_d": [5, 70.016, 14.003000259399414, 69.94633483886719, 13.989267349243164, 23.72012233734131], "1_h100_1_n_8_d": [5, 3.606, 0.7210000157356262, 3.5524182319641113, 0.7104836702346802, 7.23978066444397], "1_h100_1_n_4_d": [5, 5.692, 1.1380000114440918, 5.633641242980957, 1.1267282962799072, 9.709837675094604], "1_h100_1_n_2_d": [5, 9.373000000000001, 1.875, 9.299535751342773, 1.8599071502685547, 14.282493114471436], "1_h100_1_n_1_d": [5, 16.879, 3.375999927520752, 16.805126190185547, 3.361025333404541, 23.72012233734131]}