{"1_l20_1_n_8_d": [5, 51.682, 10.336000442504883, 51.23701477050781, 10.247403144836426, 18.417349338531494], "1_h100_1_n_8_d": [5, 14.568999999999999, 2.9140000343322754, 14.418899536132812, 2.883780002593994, 34.30323624610901], "2_h100_2_n_8_d": [5, 14.881, 2.9760000705718994, 14.775083541870117, 2.955016851425171, 31.53594994544983], "1_h100_1_n_4_d": [5, 21.314, 4.263000011444092, 21.215492248535156, 4.243098735809326, 47.159382581710815]}