{"1_l20_1_n_8_d": [5, 26.448999999999998, 5.289999961853027, 26.01251220703125, 5.202502727508545, 14.37923288345337], "1_h100_1_n_8_d": [5, 7.49, 1.4980000257492065, 7.431859970092773, 1.4863719940185547, 21.970590829849243], "2_h100_2_n_8_d": [5, 7.089, 1.4179999828338623, 7.035845756530762, 1.407169222831726, 20.60986351966858], "1_h100_1_n_4_d": [5, 11.413, 2.2829999923706055, 11.170491218566895, 2.234098196029663, 33.23138499259949]}