{"1_l20_1_n_8_d": [5, 17.273, 3.4549999237060547, 17.102407455444336, 3.4204814434051514, 6.297741651535034], "1_l20_1_n_4_d": [5, 29.281, 5.855999946594238, 28.78060531616211, 5.7561211585998535, 12.82264232635498], "1_h100_1_n_8_d": [5, 4.7509999999999994, 0.949999988079071, 4.693702220916748, 0.9387404322624207, 10.881071329116821], "2_h100_2_n_8_d": [5, 4.793, 0.9589999914169312, 4.733129501342773, 0.9466258883476257, 9.911419153213501], "1_h100_1_n_4_d": [5, 7.140000000000001, 1.4279999732971191, 7.076016426086426, 1.415203332901001, 14.29501223564148]}