{"1_l20_1_n_8_d": [5, 30.345999999999997, 6.068999767303467, 29.6789608001709, 5.935792446136475, 11.693167686462402], "1_l20_1_n_4_d": [5, 55.834, 11.166999816894531, 55.320396423339844, 11.064079284667969, 17.75592279434204], "1_h100_1_n_8_d": [5, 9.112, 1.8220000267028809, 9.03912353515625, 1.807824730873108, 19.478750467300415], "2_h100_2_n_8_d": [5, 9.953999999999999, 1.9910000562667847, 9.883556365966797, 1.9767112731933594, 17.72764229774475], "1_h100_1_n_4_d": [5, 13.624999999999998, 2.7249999046325684, 13.56054973602295, 2.7121100425720215, 23.92671847343445]}