{"1_h100_1_n_8_d": [5, 31.186000000000003, 6.236999988555908, 29.456256866455078, 5.891251564025879, 26.563506603240967], "1_h100_1_n_4_d": [5, 48.511, 9.70199966430664, 46.027976989746094, 9.205595970153809, 36.38450908660889], "1_h100_1_n_2_d": [5, 74.328, 14.866000175476074, 69.96002197265625, 13.99200439453125, 60.963054895401], "1_l20_1_n_8_d": [5, 46.797999999999995, 9.359999656677246, 44.81201171875, 8.96240234375, 26.563506603240967], "1_l20_1_n_4_d": [5, 72.768, 14.553999900817871, 69.85018157958984, 13.970036506652832, 36.38450908660889]}