{"1_h100_1_n_8_d": [5, 114.98, 22.996000289916992, 111.30171966552734, 22.260343551635742, 53.32887935638428], "2_h100_2_n_8_d": [5, 104.468, 20.893999099731445, 103.3810043334961, 20.67620086669922, 32.90751123428345]}