{"1_h100_1_n_8_d": [5, 119.91800000000002, 23.983999252319336, 116.95903015136719, 23.39180564880371, 38.628111362457275], "1_l20_1_n_8_d": [5, 210.71999999999997, 42.14400100708008, 206.94610595703125, 41.38922119140625, 38.635000228881836], "2_h100_2_n_8_d": [5, 103.528, 20.70599937438965, 103.07267761230469, 20.61453628540039, 23.61259698867798]}