{"1_h100_1_n_8_d": [5, 31.084000000000003, 6.2170000076293945, 29.811317443847656, 5.962263584136963, 19.108064651489258], "1_h100_1_n_4_d": [5, 49.275999999999996, 9.854999542236328, 47.25583267211914, 9.451167106628418, 26.045790433883667], "1_h100_1_n_2_d": [5, 72.328, 14.465999603271484, 68.65119171142578, 13.730238914489746, 44.656147718429565], "1_h100_1_n_1_d": [5, 130.845, 26.16900062561035, 122.67276763916016, 24.53455352783203, 65.2510187625885], "1_l20_1_n_8_d": [5, 50.847, 10.168999671936035, 49.41365051269531, 9.882730484008789, 19.108064651489258], "1_l20_1_n_4_d": [5, 76.811, 15.362000465393066, 74.41825866699219, 14.883651733398438, 26.045790433883667]}