{"1_h100_1_n_8_d": [5, 16.38, 3.2760000228881836, 15.763175010681152, 3.152635097503662, 9.776893377304077], "1_h100_1_n_4_d": [5, 28.366999999999997, 5.672999858856201, 27.316333770751953, 5.463266849517822, 13.161360502243042], "1_h100_1_n_2_d": [5, 38.758, 7.751999855041504, 36.889312744140625, 7.377862453460693, 23.278730392456055], "1_h100_1_n_1_d": [5, 70.265, 14.053000450134277, 66.01992797851562, 13.203986167907715, 38.30263137817383], "1_l20_1_n_8_d": [5, 27.997999999999998, 5.599999904632568, 27.281230926513672, 5.456246376037598, 9.776893377304077], "1_l20_1_n_4_d": [5, 45.184000000000005, 9.036999702453613, 43.99498748779297, 8.79899787902832, 13.161360502243042], "1_l20_1_n_2_d": [5, 58.857, 11.770999908447266, 56.55250549316406, 11.310501098632812, 23.278730392456055]}