{"1_h100_1_n_8_d": [5, 8.631, 1.7259999513626099, 8.143799781799316, 1.6287599802017212, 6.800569534301758], "1_h100_1_n_4_d": [5, 14.192000000000002, 2.8380000591278076, 13.553951263427734, 2.7107903957366943, 9.198108434677124], "1_h100_1_n_2_d": [5, 19.854, 3.9709999561309814, 18.758941650390625, 3.751788377761841, 15.939969301223755], "1_h100_1_n_1_d": [5, 36.305, 7.261000156402588, 33.83403778076172, 6.766807556152344, 24.51872229576111], "1_l20_1_n_8_d": [5, 13.817, 2.763000011444092, 13.307629585266113, 2.6615259647369385, 6.800569534301758], "1_l20_1_n_4_d": [5, 21.634, 4.327000141143799, 20.869461059570312, 4.173892498016357, 9.198108434677124], "1_l20_1_n_2_d": [5, 28.378999999999998, 5.676000118255615, 27.075590133666992, 5.415118217468262, 15.939969301223755], "1_l20_1_n_1_d": [5, 49.047000000000004, 9.809000015258789, 45.87753677368164, 9.175507545471191, 24.51872229576111]}