{"1_h100_1_n_8_d": [5, 60.56099999999999, 12.112000465393066, 58.02842330932617, 11.605685234069824, 38.009660720825195], "1_h100_1_n_4_d": [5, 95.76, 19.152000427246094, 91.7730941772461, 18.3546199798584, 51.81450533866882], "1_l20_1_n_8_d": [5, 92.517, 18.503000259399414, 89.59419250488281, 17.918838500976562, 38.069247245788574]}