{"1_h100_1_n_8_d": [5, 60.394999999999996, 12.079000473022461, 58.32958221435547, 11.665916442871094, 26.866644859313965], "1_h100_1_n_4_d": [5, 97.14599999999999, 19.429000854492188, 93.8389892578125, 18.767797470092773, 36.50370812416077], "1_l20_1_n_8_d": [5, 99.80700000000002, 19.961000442504883, 97.59469604492188, 19.518939971923828, 26.866644859313965], "1_l20_1_n_4_d": [5, 159.486, 31.89699935913086, 155.4696807861328, 31.093936920166016, 36.50370812416077], "2_h100_2_n_8_d": [5, 52.349000000000004, 10.470000267028809, 51.573158264160156, 10.314631462097168, 16.494211673736572]}