{"1_h100_1_n_8_d": [5, 33.839, 6.76800012588501, 32.641963958740234, 6.528392791748047, 13.63552451133728], "1_h100_1_n_4_d": [5, 55.760000000000005, 11.152000427246094, 54.126914978027344, 10.825383186340332, 21.054978609085083], "1_l20_1_n_8_d": [5, 56.964, 11.392999649047852, 55.89099884033203, 11.178199768066406, 13.63552451133728], "1_l20_1_n_4_d": [5, 93.742, 18.74799919128418, 91.72208404541016, 18.344417572021484, 21.054978609085083], "2_h100_2_n_8_d": [5, 29.062, 5.811999797821045, 28.728548049926758, 5.7457098960876465, 8.64647650718689]}