{"1_h100_1_n_8_d": [5, 16.186, 3.236999988555908, 15.342050552368164, 3.0684101581573486, 13.33238935470581], "1_h100_1_n_4_d": [5, 25.378, 5.076000213623047, 24.130359649658203, 4.8260722160339355, 18.260275840759277], "1_h100_1_n_2_d": [5, 37.939, 7.5879998207092285, 35.7706184387207, 7.154123783111572, 30.947227716445923], "1_h100_1_n_1_d": [5, 67.574, 13.515000343322754, 63.222347259521484, 12.644469261169434, 43.42565989494324], "1_l20_1_n_8_d": [5, 25.312, 5.061999797821045, 24.280580520629883, 4.85611629486084, 13.33238935470581], "1_l20_1_n_4_d": [5, 37.705, 7.540999889373779, 36.22783660888672, 7.245567321777344, 18.260275840759277], "1_l20_1_n_2_d": [5, 52.102, 10.420000076293945, 49.526329040527344, 9.905265808105469, 30.947227716445923]}