{"1_h100_1_n_8_d": [5, 67.226, 13.444999694824219, 65.7356185913086, 13.147124290466309, 22.735758066177368], "1_l20_1_n_8_d": [5, 127.28200000000001, 25.45599937438965, 125.40585327148438, 25.0811710357666, 22.735758066177368], "2_h100_2_n_8_d": [5, 55.29600000000001, 11.059000015258789, 54.856903076171875, 10.971381187438965, 16.512264013290405]}